<?xml version="1.0" encoding="UTF-8"?>
<project-private xmlns="http://www.netbeans.org/ns/project-private/1">
    <editor-bookmarks xmlns="http://www.netbeans.org/ns/editor-bookmarks/2" lastBookmarkId="0"/>
    <open-files xmlns="http://www.netbeans.org/ns/projectui-open-files/2">
        <group>
            <file>file:/C:/Users/acchi/Downloads/Assignment_java_Ky_Cuoi%20(2)/src/Base64/Base64Example.java</file>
            <file>file:/C:/Users/acchi/Downloads/Assignment_java_Ky_Cuoi%20(2)/src/poly/cafe/entity/Model.java</file>
            <file>file:/C:/Users/acchi/Downloads/Assignment_java_Ky_Cuoi%20(2)/src/giaodien/QLNV.java</file>
            <file>file:/C:/Users/acchi/Downloads/Assignment_java_Ky_Cuoi%20(2)/src/poly/cafe/entity/Hoadon.java</file>
            <file>file:/C:/Users/acchi/Downloads/Assignment_java_Ky_Cuoi%20(2)/src/dao/QLPMHDAO.java</file>
            <file>file:/C:/Users/acchi/Downloads/Assignment_java_Ky_Cuoi%20(2)/src/giaodien/dangkyform.java</file>
            <file>file:/C:/Users/acchi/Downloads/Assignment_java_Ky_Cuoi%20(2)/src/nutThemtrongjtable/TableActionEvent.java</file>
            <file>file:/C:/Users/acchi/Downloads/Assignment_java_Ky_Cuoi%20(2)/src/dao/PhieumuahangDAO.java</file>
            <file>file:/C:/Users/acchi/Downloads/Assignment_java_Ky_Cuoi%20(2)/src/giaodien/quanlythe.java</file>
            <file>file:/C:/Users/acchi/Downloads/Assignment_java_Ky_Cuoi%20(2)/src/dao/QLSPDAO.java</file>
            <file>file:/C:/Users/acchi/Downloads/Assignment_java_Ky_Cuoi%20(2)/src/Theme/UITheme.java</file>
            <file>file:/C:/Users/acchi/Downloads/Assignment_java_Ky_Cuoi%20(2)/src/poly/cafe/entity/TKDTmdd.java</file>
            <file>file:/C:/Users/acchi/Downloads/Assignment_java_Ky_Cuoi%20(2)/src/poly/cafe/entity/chitiethoadon.java</file>
            <file>file:/C:/Users/acchi/Downloads/Assignment_java_Ky_Cuoi%20(2)/src/poly/cafe/entity/PMHModel.java</file>
            <file>file:/C:/Users/acchi/Downloads/Assignment_java_Ky_Cuoi%20(2)/src/nutThemtrongjtable/TableActionCellRender.java</file>
            <file>file:/C:/Users/acchi/Downloads/Assignment_java_Ky_Cuoi%20(2)/src/giaodien/dangNhap.java</file>
            <file>file:/C:/Users/acchi/Downloads/Assignment_java_Ky_Cuoi%20(2)/src/DBCONNEC/Connect.java</file>
            <file>file:/C:/Users/acchi/Downloads/Assignment_java_Ky_Cuoi%20(2)/src/dao/thaydoimatkhauDAO.java</file>
            <file>file:/C:/Users/acchi/Downloads/Assignment_java_Ky_Cuoi%20(2)/src/controller/QLNVController.java</file>
            <file>file:/C:/Users/acchi/Downloads/Assignment_java_Ky_Cuoi%20(2)/src/dao/DTDao.java</file>
            <file>file:/C:/Users/acchi/Downloads/Assignment_java_Ky_Cuoi%20(2)/src/controller/PhieuMuaHangController.java</file>
            <file>file:/C:/Users/acchi/Downloads/Assignment_java_Ky_Cuoi%20(2)/src/giaodien/DoiMatKhau.java</file>
            <file>file:/C:/Users/acchi/Downloads/Assignment_java_Ky_Cuoi%20(2)/src/poly/cafe/entity/QLSPmd.java</file>
            <file>file:/C:/Users/acchi/Downloads/Assignment_java_Ky_Cuoi%20(2)/src/DBCONNEC/connectDBDangnhap.java</file>
            <file>file:/C:/Users/acchi/Downloads/Assignment_java_Ky_Cuoi%20(2)/src/poly/cafe/entity/QLNV.java</file>
            <file>file:/C:/Users/acchi/Downloads/Assignment_java_Ky_Cuoi%20(2)/src/giaodien/QLSPpanel.java</file>
            <file>file:/C:/Users/acchi/Downloads/Assignment_java_Ky_Cuoi%20(2)/src/giaodien/home.java</file>
            <file>file:/C:/Users/acchi/Downloads/Assignment_java_Ky_Cuoi%20(2)/src/giaodien/PhieuMuaHang.java</file>
            <file>file:/C:/Users/acchi/Downloads/Assignment_java_Ky_Cuoi%20(2)/src/giaodien/LichSuBanHangpanel.java</file>
            <file>file:/C:/Users/acchi/Downloads/Assignment_java_Ky_Cuoi%20(2)/src/giaodien/LSPhieuMuaHang.java</file>
            <file>file:/C:/Users/acchi/Downloads/Assignment_java_Ky_Cuoi%20(2)/src/DBCONNEC/DBconnect.java</file>
            <file>file:/C:/Users/acchi/Downloads/Assignment_java_Ky_Cuoi%20(2)/src/controller/ctl.java</file>
            <file>file:/C:/Users/acchi/Downloads/Assignment_java_Ky_Cuoi%20(2)/src/giaodien/ThemDT.java</file>
            <file>file:/C:/Users/acchi/Downloads/Assignment_java_Ky_Cuoi%20(2)/src/dao/THEDAO.java</file>
            <file>file:/C:/Users/acchi/Downloads/Assignment_java_Ky_Cuoi%20(2)/src/controller/MaXacNhanController.java</file>
            <file>file:/C:/Users/acchi/Downloads/Assignment_java_Ky_Cuoi%20(2)/src/poly/cafe/entity/Role.java</file>
            <file>file:/C:/Users/acchi/Downloads/Assignment_java_Ky_Cuoi%20(2)/src/dao/lichsubandao.java</file>
            <file>file:/C:/Users/acchi/Downloads/Assignment_java_Ky_Cuoi%20(2)/src/icon/CafeCtrl%20(1).png</file>
            <file>file:/C:/Users/acchi/Downloads/Assignment_java_Ky_Cuoi%20(2)/src/giaodien/botron.java</file>
            <file>file:/C:/Users/acchi/Downloads/Assignment_java_Ky_Cuoi%20(2)/src/poly/cafe/entity/loaidouong.java</file>
            <file>file:/C:/Users/acchi/Downloads/Assignment_java_Ky_Cuoi%20(2)/src/poly/cafe/entity/ChiTietPhieuMuaHangModel.java</file>
            <file>file:/C:/Users/acchi/Downloads/Assignment_java_Ky_Cuoi%20(2)/src/DBCONNEC/DBConnection.java</file>
            <file>file:/C:/Users/acchi/Downloads/Assignment_java_Ky_Cuoi%20(2)/src/giaodien/RoundedPanel.java</file>
            <file>file:/C:/Users/acchi/Downloads/Assignment_java_Ky_Cuoi%20(2)/src/giaodien/GioiThieu.java</file>
            <file>file:/C:/Users/acchi/Downloads/Assignment_java_Ky_Cuoi%20(2)/src/dao/DangkyDao.java</file>
            <file>file:/C:/Users/acchi/Downloads/Assignment_java_Ky_Cuoi%20(2)/src/giaodien/TrangChuPanel.java</file>
            <file>file:/C:/Users/acchi/Downloads/Assignment_java_Ky_Cuoi%20(2)/src/otpRandom/random.java</file>
            <file>file:/C:/Users/acchi/Downloads/Assignment_java_Ky_Cuoi%20(2)/src/controller/Controller.java</file>
            <file>file:/C:/Users/acchi/Downloads/Assignment_java_Ky_Cuoi%20(2)/src/poly/cafe/entity/PendingAccount.java</file>
            <file>file:/C:/Users/acchi/Downloads/Assignment_java_Ky_Cuoi%20(2)/src/controller/DangKyController.java</file>
            <file>file:/C:/Users/acchi/Downloads/Assignment_java_Ky_Cuoi%20(2)/src/otpRandom/guiMailMaOTP.java</file>
            <file>file:/C:/Users/acchi/Downloads/Assignment_java_Ky_Cuoi%20(2)/src/nutThemtrongjtable/panelthem.java</file>
            <file>file:/C:/Users/acchi/Downloads/Assignment_java_Ky_Cuoi%20(2)/src/dao/NhanVienDAO.java</file>
            <file>file:/C:/Users/acchi/Downloads/Assignment_java_Ky_Cuoi%20(2)/src/giaodien/MaXacNhan.java</file>
            <file>file:/C:/Users/acchi/Downloads/Assignment_java_Ky_Cuoi%20(2)/src/DBCONNEC/ConnectionDB.java</file>
            <file>file:/C:/Users/acchi/Downloads/Assignment_java_Ky_Cuoi%20(2)/src/giaodien/formgoc.java</file>
            <file>file:/C:/Users/acchi/Downloads/Assignment_java_Ky_Cuoi%20(2)/src/nutThemtrongjtable/TableActionCellEditor.java</file>
            <file>file:/C:/Users/acchi/Downloads/Assignment_java_Ky_Cuoi%20(2)/src/nutThemtrongjtable/anh1.png</file>
            <file>file:/C:/Users/acchi/Downloads/Assignment_java_Ky_Cuoi%20(2)/src/poly/cafe/entity/Sanpham.java</file>
            <file>file:/C:/Users/acchi/Downloads/Assignment_java_Ky_Cuoi%20(2)/src/dao/dangnhapDAO.java</file>
            <file>file:/C:/Users/acchi/Downloads/Assignment_java_Ky_Cuoi%20(2)/src/poly/cafe/entity/account.java</file>
        </group>
    </open-files>
</project-private>
